<?xml version="1.0" encoding="UTF-8"?>
<!--
/**
 * Mageplaza
 *
 * NOTICE OF LICENSE
 *
 * This source file is subject to the Mageplaza.com license that is
 * available through the world-wide-web at this URL:
 * https://www.mageplaza.com/LICENSE.txt
 *
 * DISCLAIMER
 *
 * Do not edit or add to this file if you wish to upgrade this extension to newer
 * version in the future.
 *
 * @category    Mageplaza
 * @package     Mageplaza_Gdpr
 * @copyright   Copyright (c) Mageplaza (https://www.mageplaza.com/)
 * @license     https://www.mageplaza.com/LICENSE.txt
 */
-->
<routes xmlns:xsi="http://www.w3.org/2001/XMLSchema-instance" xsi:noNamespaceSchemaLocation="urn:magento:module:Magento_Webapi:etc/webapi.xsd">
    <route url="/V1/gdpr/configs" method="GET">
        <service class="Mageplaza\Gdpr\Api\RequestsManagementInterface" method="getConfig"/>
        <resources>
            <resource ref="anonymous"/>
        </resources>
    </route>

    <route url="/V1/gdpr/deleteCustomerAccount" method="POST">
        <service class="Mageplaza\Gdpr\Api\RequestsManagementInterface" method="deleteCustomerAccount"/>
        <resources>
            <resource ref="self"/>
        </resources>
    </route>
    <route url="/V1/gdpr/deleteDefaultAddress/:addressId" method="POST">
        <service class="Mageplaza\Gdpr\Api\RequestsManagementInterface" method="deleteDefaultAddress"/>
        <resources>
            <resource ref="self"/>
        </resources>
    </route>

</routes>
