<?xml version="1.0"?>
<!--
/**
 * Mageplaza
 *
 * NOTICE OF LICENSE
 *
 * This source file is subject to the Mageplaza.com license that is
 * available through the world-wide-web at this URL:
 * https://www.mageplaza.com/LICENSE.txt
 *
 * DISCLAIMER
 *
 * Do not edit or add to this file if you wish to upgrade this extension to newer
 * version in the future.
 *
 * @category    Mageplaza
 * @package     Mageplaza_GdprPro
 * @copyright   Copyright (c) Mageplaza (https://www.mageplaza.com/)
 * @license     https://www.mageplaza.com/LICENSE.txt
 */
-->
<config xmlns:xsi="http://www.w3.org/2001/XMLSchema-instance" xsi:noNamespaceSchemaLocation="urn:magento:framework:Acl/etc/acl.xsd">
    <acl>
        <resources>
            <resource id="Magento_Backend::admin">
                <resource id="Mageplaza_Core::menu">
                    <resource id="Mageplaza_Gdpr::gdpr" title="Mageplaza GDPR" translate="title" sortOrder="50">
                        <resource id="Mageplaza_Gdpr::download_log" title="Personal Data Download Log" translate="title" sortOrder="10"/>
                        <resource id="Mageplaza_Gdpr::delete_account_log" title="Customer Log Delete Your Account" translate="title" sortOrder="20"/>
                    </resource>
                </resource>
            </resource>
        </resources>
    </acl>
</config>
