<?xml version="1.0" encoding="UTF-8"?>
<!--
/**
 * Mageplaza
 *
 * NOTICE OF LICENSE
 *
 * This source file is subject to the Mageplaza.com license that is
 * available through the world-wide-web at this URL:
 * https://www.mageplaza.com/LICENSE.txt
 *
 * DISCLAIMER
 *
 * Do not edit or add to this file if you wish to upgrade this extension to newer
 * version in the future.
 *
 * @category    Mageplaza
 * @package     Mageplaza_GdprPro
 * @copyright   Copyright (c) Mageplaza (https://www.mageplaza.com/)
 * @license     https://www.mageplaza.com/LICENSE.txt
 */
-->
<routes xmlns:xsi="http://www.w3.org/2001/XMLSchema-instance"
        xsi:noNamespaceSchemaLocation="urn:magento:module:Magento_Webapi:etc/webapi.xsd">

    <!--  Config-->
    <route url="/V1/gdpr/configs" method="GET">
        <service class="Mageplaza\GdprPro\Api\RequestsManagementInterface" method="getConfig"/>
        <resources>
            <resource ref="anonymous"/>
        </resources>
    </route>

    <!--    actionDownloadCustomData-->
    <route url="/V1/gdpr/downloadCustomData/:type" method="GET">
        <service class="Mageplaza\GdprPro\Api\RequestsManagementInterface" method="downLoadCustomerData"/>
        <resources>
            <resource ref="self"/>
        </resources>
    </route>
    <!--    actionCheckPassword-->
    <route url="/V1/gdpr/checkPassword/" method="POST">
        <service class="Mageplaza\GdprPro\Api\RequestsManagementInterface" method="checkPassword"/>
        <resources>
            <resource ref="self"/>
        </resources>
    </route>
    <!--    actionCookie -->
    <route url="/V1/gdpr/cookie/" method="GET">
        <service class="Mageplaza\GdprPro\Api\RequestsManagementInterface" method="cookie"/>
        <resources>
            <resource ref="anonymous"/>
        </resources>
    </route>
</routes>
