<?xml version="1.0"?>
<!--
/**
 * Mageplaza
 *
 * NOTICE OF LICENSE
 *
 * This source file is subject to the Mageplaza.com license that is
 * available through the world-wide-web at this URL:
 * https://www.mageplaza.com/LICENSE.txt
 *
 * DISCLAIMER
 *
 * Do not edit or add to this file if you wish to upgrade this extension to newer
 * version in the future.
 *
 * @category    Mageplaza
 * @package     Mageplaza_GdprPro
 * @copyright   Copyright (c) Mageplaza (https://www.mageplaza.com/)
 * @license     https://www.mageplaza.com/LICENSE.txt
 */
-->
<config xmlns:xsi="http://www.w3.org/2001/XMLSchema-instance" xsi:noNamespaceSchemaLocation="urn:magento:framework:ObjectManager/etc/config.xsd">
    <type name="Magento\Cookie\Helper\Cookie">
        <plugin name="gdpr_change_default_cookie" type="Mageplaza\GdprPro\Plugin\Helper\Cookie"/>
    </type>
    <type name="Magento\Cookie\Block\Html\Notices">
        <plugin name="gdpr_change_default_cookie" type="Mageplaza\GdprPro\Plugin\Block\Cookie"/>
    </type>
    <type name="Magento\Customer\Controller\Account\CreatePost">
        <plugin name="gdpr_check_tac_agreement" type="Mageplaza\GdprPro\Plugin\Controller\CustomerCreate"/>
    </type>
    <type name="Mageplaza\Gdpr\Block\Address\Account">
        <plugin name="gdpr_insert_param_token" type="Mageplaza\GdprPro\Plugin\Block\Account"/>
    </type>
</config>
