<?xml version="1.0"?>
<!--
/**
 * Mageplaza
 *
 * NOTICE OF LICENSE
 *
 * This source file is subject to the Mageplaza.com license that is
 * available through the world-wide-web at this URL:
 * https://www.mageplaza.com/LICENSE.txt
 *
 * DISCLAIMER
 *
 * Do not edit or add to this file if you wish to upgrade this extension to newer
 * version in the future.
 *
 * @category    Mageplaza
 * @package     Mageplaza_GdprPro
 * @copyright   Copyright (c) Mageplaza (https://www.mageplaza.com/)
 * @license     https://www.mageplaza.com/LICENSE.txt
 */
-->
<config xmlns:xsi="http://www.w3.org/2001/XMLSchema-instance" xsi:noNamespaceSchemaLocation="urn:magento:framework:Event/etc/events.xsd">
    <event name="controller_action_predispatch_customer_account_delete">
        <observer name="gdprproObserver" instance="Mageplaza\GdprPro\Observer\EmailConfirmBeforeDelete"/>
    </event>
    <event name="anonymise_account_before_delete">
        <observer name="gdprproObserver" instance="Mageplaza\GdprPro\Observer\CheckTockenBeforeDelete"/>
    </event>
    <event name="anonymise_account_after_delete">
        <observer name="gdprproObserver" instance="Mageplaza\GdprPro\Observer\AnonymiseAfterDelete"/>
    </event>
</config>
